<?xml version="1.0" standalone="yes"?>
<mi:PackageInstaller xmlns:mi="http://www.composite.net/ns/management/packageinstaller/1.0">
  <mi:PackageRequirements minimumCompositeVersion="4.0.4897.31550"
                          maximumCompositeVersion="9.9999.9999.9999" />

  <mi:PackageInformation name="Contribution.CompositeC1Contrib.FormBuilder"
                         groupName="Contribution.CompositeC1Contrib"
                         version="0.7.1" author="@burningice" website="http://compositec1contrib.codeplex.com"
                         readMoreUrl="http://compositec1contrib.codeplex.com"
                         id="ddae5f9b-32c8-45ef-9144-5155c1e6d0b4"
                         canBeUninstalled="true"
                         systemLocking="hard"
                         flushOnCompletion="true">
    <Description>Generic formbuilder functionality</Description>
    <TechnicalDetails>Generic formbuilder functionality</TechnicalDetails>
  </mi:PackageInformation>

  <mi:PackageFragmentInstallers>
    <mi:Add installerType="Composite.Core.PackageSystem.PackageFragmentInstallers.FilePackageFragmentInstaller, Composite" uninstallerType="Composite.Core.PackageSystem.PackageFragmentInstallers.FilePackageFragmentUninstaller, Composite">
      <Files>
        <File sourceFilename="~\Bin\CompositeC1Contrib.FormBuilder.dll" targetFilename="~\Bin\CompositeC1Contrib.FormBuilder.dll" allowOverwrite="true" />
        <File sourceFilename="~\content\App_Data\Razor\FormBuilder\StandardFormExecutor.cshtml" targetFilename="~\App_Data\Razor\FormBuilder\StandardFormExecutor.cshtml" allowOverwrite="true" />
        <File sourceFilename="~\content\Frontend\js\plugins\jquery.formbuilder.js" targetFilename="~\Frontend\js\plugins\jquery.formbuilder.js" allowOverwrite="true" />
      </Files>

      <Directories>
        <Directory sourceDirectory="~\content\Composite\InstalledPackages\localization\" targetDirectory="~\Composite\InstalledPackages\localization\" allowOverwrite="true" />
        <Directory sourceDirectory="~\content\Composite\InstalledPackages\CompositeC1Contrib.FormBuilder" targetDirectory="~\Composite\InstalledPackages\CompositeC1Contrib.FormBuilder" allowOverwrite="true" deleteTargetDirectory="true" />
      </Directories>
    </mi:Add>

    <mi:Add installerType="Composite.Core.PackageSystem.PackageFragmentInstallers.XmlFileMergePackageFragmentInstaller, Composite" uninstallerType="Composite.Core.PackageSystem.PackageFragmentInstallers.XmlFileMergePackageFragmentUninstaller, Composite">
      <XmlFileMerges>
        <XmlFileMerge source="~\config\web.config" target="~\web.config" />
        <XmlFileMerge source="~\config\App_Data\Composite\composite.config" target="~\App_Data\Composite\composite.config" />
      </XmlFileMerges>
    </mi:Add>
  </mi:PackageFragmentInstallers>
</mi:PackageInstaller>