<?xml version="1.0" standalone="yes"?>
<mi:PackageInstaller xmlns:mi="http://www.composite.net/ns/management/packageinstaller/1.0">
  <mi:PackageRequirements minimumCompositeVersion="4.0.4897.31550"
                          maximumCompositeVersion="9.9999.9999.9999" />

  <mi:PackageInformation name="Contribution.CompositeC1Contrib.FormBuilder.POCO"
                         groupName="Contribution.CompositeC1Contrib"
                         version="0.7.2" author="@burningice" website="http://compositec1contrib.codeplex.com"
                         readMoreUrl="http://compositec1contrib.codeplex.com"
                         id="95d4c3e6-9dbe-463f-b735-d4d48bb7cecc"
                         canBeUninstalled="true"
                         systemLocking="hard"
                         flushOnCompletion="true">
    <Description>Adding code first (POCO) support to the FormBuilder module</Description>
    <TechnicalDetails>Adding code first (POCO) support to the FormBuilder module</TechnicalDetails>
  </mi:PackageInformation>

  <mi:PackageFragmentInstallers>
    <mi:Add installerType="Composite.Core.PackageSystem.PackageFragmentInstallers.FilePackageFragmentInstaller, Composite" uninstallerType="Composite.Core.PackageSystem.PackageFragmentInstallers.FilePackageFragmentUninstaller, Composite">
      <Files>
        <File sourceFilename="~\Bin\CompositeC1Contrib.FormBuilder.POCO.dll" targetFilename="~\Bin\CompositeC1Contrib.FormBuilder.dll" allowOverwrite="true" />
      </Files>
    </mi:Add>

    <mi:Add installerType="Composite.Core.PackageSystem.PackageFragmentInstallers.XmlFileMergePackageFragmentInstaller, Composite" uninstallerType="Composite.Core.PackageSystem.PackageFragmentInstallers.XmlFileMergePackageFragmentUninstaller, Composite">
      <XmlFileMerges>
        <XmlFileMerge changeDefinitionPath="~\config\App_Data\Composite\composite.config" targetFilePath="~\App_Data\Composite\composite.config" />
      </XmlFileMerges>
    </mi:Add>

    <mi:Add installerType="Composite.Core.PackageSystem.PackageFragmentInstallers.XmlFileMergePackageFragmentInstaller, Composite" uninstallerType="Composite.Core.PackageSystem.PackageFragmentInstallers.XmlFileMergePackageFragmentUninstaller, Composite">
      <XmlFileMerges>
        <XmlFileMerge changeDefinitionPath="~\config\App_Data\Composite\composite.config" targetFilePath="~\App_Data\Composite\composite.config" />
      </XmlFileMerges>
    </mi:Add>
  </mi:PackageFragmentInstallers>
</mi:PackageInstaller>