<?xml version="1.0" standalone="yes"?>
<mi:PackageInstaller xmlns:mi="http://www.composite.net/ns/management/packageinstaller/1.0">
  <mi:PackageRequirements minimumCompositeVersion="4.0.4897.31550"
                          maximumCompositeVersion="9.9999.9999.9999" />

  <mi:PackageInformation name="Contribution.CompositeC1Contrib.FormBuilder.Wizard"
                         groupName="Contribution.CompositeC1Contrib"
                         version="0.8.2" author="@burningice" website="http://compositec1contrib.codeplex.com"
                         readMoreUrl="http://compositec1contrib.codeplex.com"
                         id="2fbd60af-23de-4fe9-9e40-f421736fb57a"
                         canBeUninstalled="true"
                         systemLocking="hard"
                         flushOnCompletion="true">
    <Description>Add wizards to the Form builder</Description>
    <TechnicalDetails>Add wizards to the Form builder</TechnicalDetails>
  </mi:PackageInformation>

  <mi:PackageFragmentInstallers>
    <mi:Add installerType="Composite.Core.PackageSystem.PackageFragmentInstallers.FilePackageFragmentInstaller, Composite" uninstallerType="Composite.Core.PackageSystem.PackageFragmentInstallers.FilePackageFragmentUninstaller, Composite">
      <Files>
        <File sourceFilename="~\Bin\CompositeC1Contrib.FormBuilder.Wizard.dll" targetFilename="~\Bin\CompositeC1Contrib.FormBuilder.Wizard.dll" allowOverwrite="true" />
        <File sourceFilename="~\content\App_Data\Razor\FormBuilder\StandardFormWizardExecutor.cshtml" targetFilename="~\App_Data\Razor\FormBuilder\StandardFormWizardExecutor.cshtml" allowOverwrite="true" />
        <File sourceFilename="~\content\Frontend\js\plugins\jquery.formbuilder.wizard.js" targetFilename="~\Frontend\js\plugins\jquery.formbuilder.wizard.js" allowOverwrite="true" />
      </Files>
    </mi:Add>

    <mi:Add installerType="Composite.Core.PackageSystem.PackageFragmentInstallers.XmlFileMergePackageFragmentInstaller, Composite" uninstallerType="Composite.Core.PackageSystem.PackageFragmentInstallers.XmlFileMergePackageFragmentUninstaller, Composite">
      <XmlFileMerges>
        <XmlFileMerge changeDefinitionPath="~\config\App_Data\Composite\composite.config" targetFilePath="~\App_Data\Composite\composite.config" />
      </XmlFileMerges>
    </mi:Add>
  </mi:PackageFragmentInstallers>
</mi:PackageInstaller>