<?xml version="1.0" standalone="yes"?>
<mi:PackageInstaller xmlns:mi="http://www.composite.net/ns/management/packageinstaller/1.0">
  <mi:PackageRequirements minimumCompositeVersion="4.0.4897.31550"
                          maximumCompositeVersion="9.9999.9999.9999" />

  <mi:PackageInformation name="Contribution.CompositeC1Contrib.FormBuilder.Dynamic"
                         groupName="Contribution.CompositeC1Contrib"
                         version="0.7.6" author="@burningice" website="http://compositec1contrib.codeplex.com"
                         readMoreUrl="http://compositec1contrib.codeplex.com"
                         id="9fbd6717-a688-4009-803e-7b4da614fd78"
                         canBeUninstalled="true"
                         systemLocking="hard"
                         flushOnCompletion="true">
    <Description>Adding dynamic support to the FormBuilder module</Description>
    <TechnicalDetails>Adding dynamic support to the FormBuilder module</TechnicalDetails>
  </mi:PackageInformation>

  <mi:PackageFragmentInstallers>
    <mi:Add installerType="Composite.Core.PackageSystem.PackageFragmentInstallers.FilePackageFragmentInstaller, Composite" uninstallerType="Composite.Core.PackageSystem.PackageFragmentInstallers.FilePackageFragmentUninstaller, Composite">
      <Files>
        <File sourceFilename="~\bin\CompositeC1Contrib.FormBuilder.Dynamic.dll" targetFilename="~\bin\CompositeC1Contrib.FormBuilder.Dynamic.dll" allowOverwrite="true" />
      </Files>

      <Directories>
        <Directory sourceDirectory="~\content\Composite\content\forms\InstalledPackages\CompositeC1Contrib.FormBuilder.Dynamic\" targetDirectory="~\Composite\content\forms\InstalledPackages\CompositeC1Contrib.FormBuilder.Dynamic\" allowOverwrite="true" deleteTargetDirectory="true" />
        <Directory sourceDirectory="~\content\Composite\InstalledPackages\CompositeC1Contrib.FormBuilder.Dynamic\" targetDirectory="~\Composite\InstalledPackages\CompositeC1Contrib.FormBuilder.Dynamic\" allowOverwrite="true" deleteTargetDirectory="true" />
      </Directories>
    </mi:Add>

    <mi:Add installerType="Composite.Core.PackageSystem.PackageFragmentInstallers.XmlFileMergePackageFragmentInstaller, Composite" uninstallerType="Composite.Core.PackageSystem.PackageFragmentInstallers.XmlFileMergePackageFragmentUninstaller, Composite">
      <XmlFileMerges>
        <XmlFileMerge changeDefinitionPath="~\config\web.config" targetFilePath="~\web.config" />
        <XmlFileMerge changeDefinitionPath="~\config\App_Data\Composite\composite.config" targetFilePath="~\App_Data\Composite\composite.config" />
      </XmlFileMerges>
    </mi:Add>
  </mi:PackageFragmentInstallers>
</mi:PackageInstaller>